{"AAVE": 156.74, "ADA": 0.3534, "APE": 0.204, "APT": 1.703, "AR": 3.448, "ARB": 0.1921, "ATOM": 2.031, "AVAX": 12.45, "AXS": 0.844, "BAT": 0.2176, "BCH": 604.07, "BLUR": 0.0286, "BNB": 841.13, "BONK": 7.86e-06, "BTC": 87596.62, "COMP": 26.61, "CRV": 0.3834, "DASH": 39.91, "DGB": 0.005952, "DENT": 0.0002046, "DOGE": 0.1226, "DOT": 1.743, "EGLD": 6.23, "EOS": 0.1553, "ETC": 11.7, "ETH": 2934.52, "FET": 0.213, "FIL": 1.242, "FLOKI": 3.995e-05, "FLOW": 0.1695, "FTM": 0.07209, "GALA": 0.00606, "GLM": 0.1964, "GRT": 0.03661, "HBAR": 0.1122, "IMX": 0.2334, "INJ": 4.64, "IOST": 0.00159, "ICP": 3.019, "KAS": 0.04459, "KAVA": 0.07605, "KSM": 6.94, "LINK": 12.24, "LTC": 77.24, "MANA": 0.1168, "MATIC": 0.1995, "MKR": 1455.14, "NEO": 3.542, "NEAR": 1.518, "OMG": 0.07976, "ONT": 0.05524, "OP": 0.271, "ORDI": 4.15, "PEPE": 4.03e-06, "QNT": 71.42, "QTUM": 1.204, "RNDR": 1.27, "ROSE": 0.01072, "RUNE": 0.5496, "SAND": 0.1124, "SEI": 0.1107, "SHIB": 7.15e-06, "SNX": 0.439, "SOL": 122.97, "STX": 0.2595, "SUSHI": 0.2839, "TIA": 0.4607, "THETA": 0.2612, "TRX": 0.279, "UNI": 5.983, "VET": 0.01067, "XRP": 1.852, "XEM": 0.001224, "XLM": 0.2134, "XVS": 4.315, "ZEC": 469.47, "ZRX": 0.1207}