{"AAVE": 155.39, "ADA": 0.3494, "APE": 0.2024, "APT": 1.669, "AR": 3.421, "ARB": 0.1902, "ATOM": 2.02, "AVAX": 12.32, "AXS": 0.8308, "BAT": 0.2131, "BCH": 597.08, "BLUR": 0.02812, "BNB": 833.35, "BONK": 7.86e-06, "BTC": 87269.49, "COMP": 26.0, "CRV": 0.3879, "DASH": 39.27, "DGB": 0.005774, "DENT": 0.0002037, "DOGE": 0.1219, "DOT": 1.71, "EGLD": 6.098, "EOS": 0.175, "ETC": 11.68, "ETH": 2922.04, "FET": 0.2098, "FIL": 1.231, "FLOKI": 3.983e-05, "FLOW": 0.1733, "FTM": 0.07209, "GALA": 0.006052, "GLM": 0.1966, "GRT": 0.0362, "HBAR": 0.1113, "IMX": 0.2334, "INJ": 4.611, "IOST": 0.001589, "ICP": 2.98, "KAS": 0.04497, "KAVA": 0.07512, "KSM": 6.86, "LINK": 12.18, "LTC": 76.55, "MANA": 0.1165, "MATIC": 0.1995, "MKR": 1524.7, "NEO": 3.549, "NEAR": 1.517, "OMG": 0.08005, "ONT": 0.05352, "OP": 0.2647, "ORDI": 4.154, "PEPE": 4.01e-06, "QNT": 72.47, "QTUM": 1.203, "RNDR": 1.27, "ROSE": 0.01057, "RUNE": 0.5497, "SAND": 0.1112, "SEI": 0.11, "SHIB": 7.12e-06, "SNX": 0.4284, "SOL": 122.07, "STX": 0.2493, "SUSHI": 0.2806, "TIA": 0.455, "THETA": 0.259, "TRX": 0.2776, "UNI": 5.812, "VET": 0.01054, "XRP": 1.843, "XEM": 0.001228, "XLM": 0.2132, "XVS": 4.281, "ZEC": 441.28, "ZRX": 0.1208}